image_paths,images,img_urls
,,http://pic.netbian.com/uploads/allimg/170719/125208-1500439928de21.jpg
,,http://pic.netbian.com/uploads/allimg/180128/112234-1517109754fad1.jpg
,,http://pic.netbian.com/uploads/allimg/170610/174855-14970881351957.jpg
,,http://pic.netbian.com/uploads/allimg/181101/160158-1541059318f28c.jpg
,,http://pic.netbian.com/uploads/allimg/180726/192524-15326043240a4f.jpg
,,http://pic.netbian.com/uploads/allimg/190323/235101-15533562612e76.jpg
,,http://pic.netbian.com/uploads/allimg/181112/183201-15420187218258.jpg
,,http://pic.netbian.com/uploads/allimg/190413/202741-1555158461d969.jpg
,,http://pic.netbian.com/uploads/allimg/180415/180443-1523786683938c.jpg
,,http://pic.netbian.com/uploads/allimg/190410/225841-1554908321d437.jpg
,,http://pic.netbian.com/uploads/allimg/190106/180152-15467689124cf6.jpg
,,http://pic.netbian.com/uploads/allimg/180531/191206-152776512602f3.jpg
,,http://pic.netbian.com/uploads/allimg/190415/104035-1555296035c0b8.jpg
,,http://pic.netbian.com/uploads/allimg/190717/231857-15633767378f0b.jpg
,,http://pic.netbian.com/uploads/allimg/190721/220647-1563718007fefd.jpg
,,http://pic.netbian.com/uploads/allimg/190721/223156-1563719516d718.jpg
,,http://pic.netbian.com/uploads/allimg/190722/103558-156376295893e1.jpg
,,http://pic.netbian.com/uploads/allimg/190619/223632-1560954992c816.jpg
,,http://pic.netbian.com/uploads/allimg/190727/101100-15641934606367.jpg
,,http://pic.netbian.com/uploads/allimg/190727/100747-15641932678f8d.jpg
,,http://pic.netbian.com/uploads/allimg/190727/100443-15641930832a15.jpg
,,http://pic.netbian.com/uploads/allimg/190727/095815-15641926953e7a.jpg
,,http://pic.netbian.com/uploads/allimg/190713/095658-15629830181832.jpg
,,http://pic.netbian.com/uploads/allimg/190713/094318-15629821984125.jpg
,,http://pic.netbian.com/uploads/allimg/190713/094017-156298201730c7.jpg
,,http://pic.netbian.com/uploads/allimg/190713/093148-15629815080301.jpg
,,http://pic.netbian.com/uploads/allimg/190713/093652-1562981812413d.jpg
,,http://pic.netbian.com/uploads/allimg/190713/093359-156298163994d9.jpg
,,http://pic.netbian.com/uploads/allimg/190521/000934-1558368574b665.jpg
,,http://pic.netbian.com/uploads/allimg/190713/093025-1562981425b2d8.jpg
,,http://pic.netbian.com/uploads/allimg/190505/194745-15570568654763.jpg
,,http://pic.netbian.com/uploads/allimg/181217/175717-154504063709f6.jpg
,,http://pic.netbian.com/uploads/allimg/190727/212505-15642339052403.jpg
,,http://pic.netbian.com/uploads/allimg/190727/205126-15642318863550.jpg
,,http://pic.netbian.com/uploads/allimg/190727/205004-15642318048ae9.jpg
,,http://pic.netbian.com/uploads/allimg/190105/180717-1546682837d16a.jpg
,,http://pic.netbian.com/uploads/allimg/161021/222958-1477060198fcaa.jpg
,,http://pic.netbian.com/uploads/allimg/190727/203712-15642310326070.jpg
,,http://pic.netbian.com/uploads/allimg/180830/111450-15355988903078.jpg
,,http://pic.netbian.com/uploads/allimg/190509/085823-1557363503c28b.jpg
,,http://pic.netbian.com/uploads/allimg/190518/174718-15581728388724.jpg
,,http://pic.netbian.com/uploads/allimg/180815/094739-1534297659ad26.jpg
,,http://pic.netbian.com/uploads/allimg/160822/100046-1471831246a885.jpg
,,http://pic.netbian.com/uploads/allimg/190624/225846-156138832617bc.jpg
,,http://pic.netbian.com/uploads/allimg/180128/113416-15171104568e22.jpg
,,http://pic.netbian.com/uploads/allimg/190520/182332-1558347812d992.jpg
,,http://pic.netbian.com/uploads/allimg/190529/164141-1559119301ed91.jpg
,,http://pic.netbian.com/uploads/allimg/180926/160441-1537949081adfd.jpg
,,http://pic.netbian.com/uploads/allimg/190619/162325-156093260560eb.jpg
,,http://pic.netbian.com/uploads/allimg/190608/124015-155996881530e3.jpg
,,http://pic.netbian.com/uploads/allimg/190630/190444-156189268476e1.jpg
,,http://pic.netbian.com/uploads/allimg/190726/235530-1564156530cb24.jpg
,,http://pic.netbian.com/uploads/allimg/190727/095238-15641923585a49.jpg
,,http://pic.netbian.com/uploads/allimg/190726/222845-15641513255d28.jpg
,,http://pic.netbian.com/uploads/allimg/190727/000106-15641568669c8f.jpg
,,http://pic.netbian.com/uploads/allimg/190726/235103-156415626384ce.jpg
,,http://pic.netbian.com/uploads/allimg/190727/095421-15641924612951.jpg
,,http://pic.netbian.com/uploads/allimg/190722/120342-15637682225e25.jpg
,,http://pic.netbian.com/uploads/allimg/190722/110727-156376484721de.jpg
,,http://pic.netbian.com/uploads/allimg/190722/110242-1563764562de8d.jpg
,,http://pic.netbian.com/uploads/allimg/190722/105023-1563763823261a.jpg
,,http://pic.netbian.com/uploads/allimg/190706/221042-156242224221dc.jpg
,,http://pic.netbian.com/uploads/allimg/190706/221551-1562422551800c.jpg
,,http://pic.netbian.com/uploads/allimg/190706/214422-15624206627a7a.jpg
,,http://pic.netbian.com/uploads/allimg/180331/183006-15224922060b03.jpg
,,http://pic.netbian.com/uploads/allimg/190727/203144-1564230704a278.jpg
,,http://pic.netbian.com/uploads/allimg/190727/203228-1564230748420c.jpg
,,http://pic.netbian.com/uploads/allimg/190727/194230-15642277506ae8.jpg
,,http://pic.netbian.com/uploads/allimg/190727/194643-156422800346cc.jpg
,,http://pic.netbian.com/uploads/allimg/190727/194136-156422769622fe.jpg
,,http://pic.netbian.com/uploads/allimg/190706/171941-15624047812082.jpg
,,http://pic.netbian.com/uploads/allimg/190713/094153-1562982113cd72.jpg
,,http://pic.netbian.com/uploads/allimg/190713/092753-15629812733bcf.jpg
,,http://pic.netbian.com/uploads/allimg/181124/184605-1543056365d011.jpg
,,http://pic.netbian.com/uploads/allimg/190619/191648-156094300850a6.jpg
,,http://pic.netbian.com/uploads/allimg/171216/202410-1513427050f0d4.jpg
,,http://pic.netbian.com/uploads/allimg/171110/171000-1510305000e371.jpg
,,http://pic.netbian.com/uploads/allimg/180826/112909-153525414948e9.jpg
,,http://pic.netbian.com/uploads/allimg/190609/171720-1560071840c134.jpg
,,http://pic.netbian.com/uploads/allimg/190722/122117-1563769277a543.jpg
,,http://pic.netbian.com/uploads/allimg/171024/224722-15088564422d17.jpg
,,http://pic.netbian.com/uploads/allimg/190722/121131-1563768691acad.jpg
,,http://pic.netbian.com/uploads/allimg/180815/093016-15342966161b05.jpg
,,http://pic.netbian.com/uploads/allimg/190722/121014-1563768614d682.jpg
,,http://pic.netbian.com/uploads/allimg/190722/120915-15637685556227.jpg
,,http://pic.netbian.com/uploads/allimg/190722/120812-156376849243c0.jpg
,,http://pic.netbian.com/uploads/allimg/190722/120720-1563768440e037.jpg
,,http://pic.netbian.com/uploads/allimg/190726/214942-15641489829bd7.jpg
,,http://pic.netbian.com/uploads/allimg/190722/123451-15637700910072.jpg
,,http://pic.netbian.com/uploads/allimg/190726/214524-156414872490d8.jpg
,,http://pic.netbian.com/uploads/allimg/190726/214022-1564148422f30c.jpg
,,http://pic.netbian.com/uploads/allimg/190722/123812-15637702922c75.jpg
,,http://pic.netbian.com/uploads/allimg/180315/110404-152108304476cb.jpg
,,http://pic.netbian.com/uploads/allimg/190722/103810-1563763090ad64.jpg
,,http://pic.netbian.com/uploads/allimg/190722/121519-15637689197849.jpg
,,http://pic.netbian.com/uploads/allimg/190722/104420-1563763460e737.jpg
,,http://pic.netbian.com/uploads/allimg/190722/103951-15637631917fa3.jpg
,,http://pic.netbian.com/uploads/allimg/190721/224727-1563720447a1ed.jpg
,,http://pic.netbian.com/uploads/allimg/190717/231342-15633764225ad4.jpg
,,http://pic.netbian.com/uploads/allimg/190721/223630-1563719790b745.jpg
,,http://pic.netbian.com/uploads/allimg/190721/220511-1563717911cd47.jpg
,,http://pic.netbian.com/uploads/allimg/190721/220015-15637176157108.jpg
,,http://pic.netbian.com/uploads/allimg/190717/231654-156337661466af.jpg
,,http://pic.netbian.com/uploads/allimg/190721/222953-15637193935c3f.jpg
,,http://pic.netbian.com/uploads/allimg/190717/231054-1563376254f101.jpg
,,http://pic.netbian.com/uploads/allimg/180709/175550-15311301504109.jpg
,,http://pic.netbian.com/uploads/allimg/180331/182819-1522492099b7bd.jpg
,,http://pic.netbian.com/uploads/allimg/180113/164236-1515832956e759.jpg
,,http://pic.netbian.com/uploads/allimg/190706/214756-156242087612dc.jpg
,,http://pic.netbian.com/uploads/allimg/190706/214231-1562420551763a.jpg
,,http://pic.netbian.com/uploads/allimg/190706/175121-1562406681af3c.jpg
,,http://pic.netbian.com/uploads/allimg/190706/174809-1562406489cf5a.jpg
,,http://pic.netbian.com/uploads/allimg/190706/174431-1562406271856d.jpg
,,http://pic.netbian.com/uploads/allimg/190706/173807-1562405887f3bd.jpg
,,http://pic.netbian.com/uploads/allimg/190727/192720-1564226840ae60.jpg
,,http://pic.netbian.com/uploads/allimg/190727/191816-15642262963bc0.jpg
,,http://pic.netbian.com/uploads/allimg/190727/191307-156422598706bc.jpg
,,http://pic.netbian.com/uploads/allimg/190727/153433-1564212873b29d.jpg
,,http://pic.netbian.com/uploads/allimg/190727/103127-1564194687d747.jpg
,,http://pic.netbian.com/uploads/allimg/190727/153038-15642126384120.jpg
,,http://pic.netbian.com/uploads/allimg/190727/153848-1564213128903d.jpg
,,http://pic.netbian.com/uploads/allimg/190713/093859-156298193918ec.jpg
,,http://pic.netbian.com/uploads/allimg/190713/093445-156298168552ab.jpg
,,http://pic.netbian.com/uploads/allimg/190727/102411-1564194251c23a.jpg
,,http://pic.netbian.com/uploads/allimg/170609/123945-14969831856c4d.jpg
,,http://pic.netbian.com/uploads/allimg/190625/183200-15614587207d3c.jpg
,,http://pic.netbian.com/uploads/allimg/190630/215651-1561903011838a.jpg
,,http://pic.netbian.com/uploads/allimg/190628/224744-15617332646696.jpg
,,http://pic.netbian.com/uploads/allimg/190713/103426-1562985266eedd.jpg
,,http://pic.netbian.com/uploads/allimg/190713/103127-1562985087d4e7.jpg
,,http://pic.netbian.com/uploads/allimg/190426/222643-15562888034954.jpg
,,http://pic.netbian.com/uploads/allimg/170704/232311-14991817912c74.jpg
,,http://pic.netbian.com/uploads/allimg/180630/112401-1530329041f787.jpg
,,http://pic.netbian.com/uploads/allimg/180312/191932-1520853572645a.jpg
,,http://pic.netbian.com/uploads/allimg/190219/230412-15505886522555.jpg
,,http://pic.netbian.com/uploads/allimg/190614/221120-1560521480bbc1.jpg
,,http://pic.netbian.com/uploads/allimg/190518/200137-1558180897328f.jpg
,,http://pic.netbian.com/uploads/allimg/190415/094927-155529296780aa.jpg
,,http://pic.netbian.com/uploads/allimg/190312/162344-1552379024d5a2.jpg
,,http://pic.netbian.com/uploads/allimg/190722/105859-156376433976cb.jpg
,,http://pic.netbian.com/uploads/allimg/190722/120650-1563768410aa57.jpg
,,http://pic.netbian.com/uploads/allimg/190722/104639-15637635990643.jpg
,,http://pic.netbian.com/uploads/allimg/190717/230846-156337612662d2.jpg
,,http://pic.netbian.com/uploads/allimg/190722/120544-1563768344d815.jpg
,,http://pic.netbian.com/uploads/allimg/190722/120435-1563768275f33f.jpg
,,http://pic.netbian.com/uploads/allimg/190717/230450-15633758905669.jpg
,,http://pic.netbian.com/uploads/allimg/190717/230718-1563376038138b.jpg
,,http://pic.netbian.com/uploads/allimg/190713/104340-1562985820e041.jpg
,,http://pic.netbian.com/uploads/allimg/190713/100152-15629833120209.jpg
,,http://pic.netbian.com/uploads/allimg/190706/165730-1562403450d9cb.jpg
,,http://pic.netbian.com/uploads/allimg/190713/102731-15629848511208.jpg
,,http://pic.netbian.com/uploads/allimg/190713/100525-1562983525f1fd.jpg
,,http://pic.netbian.com/uploads/allimg/190706/172644-15624052040378.jpg
,,http://pic.netbian.com/uploads/allimg/190713/102942-1562984982544e.jpg
,,http://pic.netbian.com/uploads/allimg/190713/102125-15629844850104.jpg
,,http://pic.netbian.com/uploads/allimg/190713/102437-156298467717f4.jpg
,,http://pic.netbian.com/uploads/allimg/190713/101733-15629842537353.jpg
,,http://pic.netbian.com/uploads/allimg/190415/214923-1555336163d133.jpg
,,http://pic.netbian.com/uploads/allimg/190713/101433-156298407395a5.jpg
,,http://pic.netbian.com/uploads/allimg/190409/232118-155482327880de.jpg
,,http://pic.netbian.com/uploads/allimg/190713/101024-1562983824e324.jpg
,,http://pic.netbian.com/uploads/allimg/190713/100306-1562983386bef6.jpg
,,http://pic.netbian.com/uploads/allimg/170817/004839-1502902119bd43.jpg
,,http://pic.netbian.com/uploads/allimg/190317/205300-155282718006ce.jpg
,,http://pic.netbian.com/uploads/allimg/160627/153414-14670128546dbf.jpg
,,http://pic.netbian.com/uploads/allimg/190211/235228-154990034846a9.jpg
,,http://pic.netbian.com/uploads/allimg/190713/100103-15629832639bea.jpg
,,http://pic.netbian.com/uploads/allimg/190713/095931-156298317150d9.jpg
image_paths,images,img_urls
,"[{'url': 'http://pic.netbian.com/uploads/allimg/181112/183201-15420187218258.jpg', 'path': 'full/633fd434d5e78730cc78e39d89267dbe046dc3d0.jpg', 'checksum': '6a0172d222be1c730ee28eff7a9681b5'}]",http://pic.netbian.com/uploads/allimg/181112/183201-15420187218258.jpg
,"[{'url': 'http://pic.netbian.com/uploads/allimg/170610/174855-14970881351957.jpg', 'path': 'full/c6ec5a650f0ba5fe5e4e60071917a288e7f4019c.jpg', 'checksum': '75d042b7e0fe18d7657808b6971a4da3'}]",http://pic.netbian.com/uploads/allimg/170610/174855-14970881351957.jpg
,"[{'url': 'http://pic.netbian.com/uploads/allimg/170719/125208-1500439928de21.jpg', 'path': 'full/491b042b3f130e9911cbafe72b481ace34125b86.jpg', 'checksum': '2bd2e1f37f8905941fb0fec4050ae769'}]",http://pic.netbian.com/uploads/allimg/170719/125208-1500439928de21.jpg
,"[{'url': 'http://pic.netbian.com/uploads/allimg/181101/160158-1541059318f28c.jpg', 'path': 'full/bd0cf93b336e2f246771dc51bb6dcbd308f48f03.jpg', 'checksum': 'd44f0db6dd9567ef97698720cd747022'}]",http://pic.netbian.com/uploads/allimg/181101/160158-1541059318f28c.jpg
,"[{'url': 'http://pic.netbian.com/uploads/allimg/180128/112234-1517109754fad1.jpg', 'path': 'full/cd9f30ce64494741a51c1eb989733246a2495c2d.jpg', 'checksum': '2d1bd877326d4b8f30eed93987fb07cf'}]",http://pic.netbian.com/uploads/allimg/180128/112234-1517109754fad1.jpg
,"[{'url': 'http://pic.netbian.com/uploads/allimg/180415/180443-1523786683938c.jpg', 'path': 'full/8d6f0ff0828d653d7cabd8d461367c23b0e1f44e.jpg', 'checksum': '3ec8568a0a19cd2bd545657b9193723a'}]",http://pic.netbian.com/uploads/allimg/180415/180443-1523786683938c.jpg
,"[{'url': 'http://pic.netbian.com/uploads/allimg/180726/192524-15326043240a4f.jpg', 'path': 'full/2300666e70688bc12b0705129e509d9f8fcd1bdb.jpg', 'checksum': '2a85a91dec9b787bf3e593bc80986a78'}]",http://pic.netbian.com/uploads/allimg/180726/192524-15326043240a4f.jpg
,"[{'url': 'http://pic.netbian.com/uploads/allimg/190413/202741-1555158461d969.jpg', 'path': 'full/ebf76db755b5b7211ce55bf2b64cfbe1597d5601.jpg', 'checksum': '6464c9f5bc8ad7652fad22827cfea432'}]",http://pic.netbian.com/uploads/allimg/190413/202741-1555158461d969.jpg
,"[{'url': 'http://pic.netbian.com/uploads/allimg/190323/235101-15533562612e76.jpg', 'path': 'full/416895561700a2f1e5f72ee3d73616aa637465b0.jpg', 'checksum': '930504d7ed05fba6457ba666ca3f1b24'}]",http://pic.netbian.com/uploads/allimg/190323/235101-15533562612e76.jpg
,"[{'url': 'http://pic.netbian.com/uploads/allimg/180830/111450-15355988903078.jpg', 'path': 'full/11ba3dc2a32030e17ce391fdd08103bcad619b5d.jpg', 'checksum': 'e02a57ca46fa9ee80a6e30de217adc56'}]",http://pic.netbian.com/uploads/allimg/180830/111450-15355988903078.jpg
,"[{'url': 'http://pic.netbian.com/uploads/allimg/161021/222958-1477060198fcaa.jpg', 'path': 'full/b5459c09d2dd7c1971606de57e8606abcfb1ad2b.jpg', 'checksum': '112f0dfa7d94992ae859113c3868bfa5'}]",http://pic.netbian.com/uploads/allimg/161021/222958-1477060198fcaa.jpg
,"[{'url': 'http://pic.netbian.com/uploads/allimg/180531/191206-152776512602f3.jpg', 'path': 'full/a8b86a665d3980d87c941fa48bdc7d2846ac00f6.jpg', 'checksum': '6a59f9638ae61cc536397ac8cfbf5b3c'}]",http://pic.netbian.com/uploads/allimg/180531/191206-152776512602f3.jpg
,"[{'url': 'http://pic.netbian.com/uploads/allimg/190106/180152-15467689124cf6.jpg', 'path': 'full/b9e6a03cc4499d9ff468bb06fc7a23ea50d28528.jpg', 'checksum': 'aa81a829d67c3d19b4ab66eb5a716831'}]",http://pic.netbian.com/uploads/allimg/190106/180152-15467689124cf6.jpg
,"[{'url': 'http://pic.netbian.com/uploads/allimg/190713/095658-15629830181832.jpg', 'path': 'full/4fa9b427cec76a7c2c9d69635c8b59ab583defa0.jpg', 'checksum': 'a2a32a3e8c2949768cebce682a88029d'}]",http://pic.netbian.com/uploads/allimg/190713/095658-15629830181832.jpg
,"[{'url': 'http://pic.netbian.com/uploads/allimg/190415/104035-1555296035c0b8.jpg', 'path': 'full/408a18b42ce691b4a8dfed95532925b2e395fb10.jpg', 'checksum': 'e2c59c6b61882abee7b919480f735615'}]",http://pic.netbian.com/uploads/allimg/190415/104035-1555296035c0b8.jpg
,"[{'url': 'http://pic.netbian.com/uploads/allimg/190518/174718-15581728388724.jpg', 'path': 'full/b40b16bec4e6fe7c469c1d1ba0de78b1d92382e2.jpg', 'checksum': 'da199ddce326e5a71a7e5eeaac000cd0'}]",http://pic.netbian.com/uploads/allimg/190518/174718-15581728388724.jpg
,"[{'url': 'http://pic.netbian.com/uploads/allimg/190713/093148-15629815080301.jpg', 'path': 'full/92a1956333a34c7e50189b5f25dcdd45e7109996.jpg', 'checksum': 'ebacfeaf42489cb30f8c2094f9bb31dd'}]",http://pic.netbian.com/uploads/allimg/190713/093148-15629815080301.jpg
,"[{'url': 'http://pic.netbian.com/uploads/allimg/190410/225841-1554908321d437.jpg', 'path': 'full/f98721d08a6339d9609f3caed97a35e0d855591e.jpg', 'checksum': 'e54f4672758331c679a8fd09561c86a6'}]",http://pic.netbian.com/uploads/allimg/190410/225841-1554908321d437.jpg
,"[{'url': 'http://pic.netbian.com/uploads/allimg/190713/094017-156298201730c7.jpg', 'path': 'full/7bf7634396285a5558a3ea94c8301d4b19227f39.jpg', 'checksum': '9b74ce6d986fb7d14619727db905f907'}]",http://pic.netbian.com/uploads/allimg/190713/094017-156298201730c7.jpg
,"[{'url': 'http://pic.netbian.com/uploads/allimg/190713/093652-1562981812413d.jpg', 'path': 'full/383e6d34ef5e9e1ec3c45f7512c949934ec3e650.jpg', 'checksum': '59ce439754a87fb9476b6b2d8f12344b'}]",http://pic.netbian.com/uploads/allimg/190713/093652-1562981812413d.jpg
,"[{'url': 'http://pic.netbian.com/uploads/allimg/171216/202410-1513427050f0d4.jpg', 'path': 'full/03fe4cf66abd2857864a1beb8b7d0df46a3ad25c.jpg', 'checksum': '6c48cc881771b950620be8d344374c03'}]",http://pic.netbian.com/uploads/allimg/171216/202410-1513427050f0d4.jpg
,"[{'url': 'http://pic.netbian.com/uploads/allimg/190713/093359-156298163994d9.jpg', 'path': 'full/a987b603be559d43ac49fd23eda74777c4090607.jpg', 'checksum': '4e5dc9094aaeb041518c99e4b18579ce'}]",http://pic.netbian.com/uploads/allimg/190713/093359-156298163994d9.jpg
,"[{'url': 'http://pic.netbian.com/uploads/allimg/190713/093025-1562981425b2d8.jpg', 'path': 'full/df6e11d5173605b9599bc5c9bac0d0f7d1bac073.jpg', 'checksum': 'c02535f6042622d2ac9f279d0684f78b'}]",http://pic.netbian.com/uploads/allimg/190713/093025-1562981425b2d8.jpg
,"[{'url': 'http://pic.netbian.com/uploads/allimg/190706/221042-156242224221dc.jpg', 'path': 'full/2b09d0bf5acca6a118de5f98bf28f414bf4f28c4.jpg', 'checksum': 'c3744b46e5839b06bd13bcd1dad56e1d'}]",http://pic.netbian.com/uploads/allimg/190706/221042-156242224221dc.jpg
,"[{'url': 'http://pic.netbian.com/uploads/allimg/190713/094318-15629821984125.jpg', 'path': 'full/4fc73eca641a1f62b1a35e3a1f75e403e10eff46.jpg', 'checksum': 'f8caf8a119b766c7c258a482a23e446e'}]",http://pic.netbian.com/uploads/allimg/190713/094318-15629821984125.jpg
,"[{'url': 'http://pic.netbian.com/uploads/allimg/181124/184605-1543056365d011.jpg', 'path': 'full/f45784112c638834830d21ea84a50e4a851f1284.jpg', 'checksum': 'a6694a783ad654d203ed727799a7db0e'}]",http://pic.netbian.com/uploads/allimg/181124/184605-1543056365d011.jpg
,"[{'url': 'http://pic.netbian.com/uploads/allimg/190619/191648-156094300850a6.jpg', 'path': 'full/3c085d5fa38ecda00c0febb825dae8a1db5e3343.jpg', 'checksum': '6bb22146ee2441a8d7e5fbb239fbfaf3'}]",http://pic.netbian.com/uploads/allimg/190619/191648-156094300850a6.jpg
,"[{'url': 'http://pic.netbian.com/uploads/allimg/190509/085823-1557363503c28b.jpg', 'path': 'full/4643f3656d39d5f39342b23005c3d6091ed868e2.jpg', 'checksum': '5928e7f14ddea42f38af12a23c251186'}]",http://pic.netbian.com/uploads/allimg/190509/085823-1557363503c28b.jpg
,"[{'url': 'http://pic.netbian.com/uploads/allimg/160822/100046-1471831246a885.jpg', 'path': 'full/cf5c87e6bca1b43e66073df40a5847481d0260db.jpg', 'checksum': 'a05611d78d9a5bdb7bec053b415e009e'}]",http://pic.netbian.com/uploads/allimg/160822/100046-1471831246a885.jpg
,"[{'url': 'http://pic.netbian.com/uploads/allimg/170704/232311-14991817912c74.jpg', 'path': 'full/354080cf23b7240f807e9cc94c212450c62ab8bb.jpg', 'checksum': 'fe0a3fdc90ff4ac21ed6a61511e4b8da'}]",http://pic.netbian.com/uploads/allimg/170704/232311-14991817912c74.jpg
,"[{'url': 'http://pic.netbian.com/uploads/allimg/171110/171000-1510305000e371.jpg', 'path': 'full/1d5fb81ff083fbe742158ce63e6be43ec3699795.jpg', 'checksum': 'cc94172f864b880349fe1aaa90b47155'}]",http://pic.netbian.com/uploads/allimg/171110/171000-1510305000e371.jpg
,"[{'url': 'http://pic.netbian.com/uploads/allimg/180826/112909-153525414948e9.jpg', 'path': 'full/1a9e0581d7507b9eebd160dbd4d623d01eec9e16.jpg', 'checksum': '908385fc61a336d1b35dff8a14f6f761'}]",http://pic.netbian.com/uploads/allimg/180826/112909-153525414948e9.jpg
,"[{'url': 'http://pic.netbian.com/uploads/allimg/190609/171720-1560071840c134.jpg', 'path': 'full/609bc26c3305a218ce70c89fab8b1211c7bf3893.jpg', 'checksum': 'ccbb97ca048a9ce0d78c7f182479c0b3'}]",http://pic.netbian.com/uploads/allimg/190609/171720-1560071840c134.jpg
,"[{'url': 'http://pic.netbian.com/uploads/allimg/190520/182332-1558347812d992.jpg', 'path': 'full/1ba0762991a7fc13bd97bd02c80695df4706e337.jpg', 'checksum': '177745630691633bef9e00a35a3913c4'}]",http://pic.netbian.com/uploads/allimg/190520/182332-1558347812d992.jpg
,"[{'url': 'http://pic.netbian.com/uploads/allimg/190713/094153-1562982113cd72.jpg', 'path': 'full/c519f5fa130aceada74c5923af555d0ae43cf743.jpg', 'checksum': '1785e0729a977a24f8e2a55d537f49bc'}]",http://pic.netbian.com/uploads/allimg/190713/094153-1562982113cd72.jpg
,"[{'url': 'http://pic.netbian.com/uploads/allimg/190624/225846-156138832617bc.jpg', 'path': 'full/7e8008b141b00f8beb3a5dc112e182a13d572795.jpg', 'checksum': 'dac10cbe78ef9f0a40932d81721ef0fc'}]",http://pic.netbian.com/uploads/allimg/190624/225846-156138832617bc.jpg
,"[{'url': 'http://pic.netbian.com/uploads/allimg/190625/183200-15614587207d3c.jpg', 'path': 'full/4c235ad1a6fc1c826fa6f0685767f4c180a380b4.jpg', 'checksum': '6358d8c3d293a3cf8d8ef08d9827fe54'}]",http://pic.netbian.com/uploads/allimg/190625/183200-15614587207d3c.jpg
,"[{'url': 'http://pic.netbian.com/uploads/allimg/190713/092753-15629812733bcf.jpg', 'path': 'full/8b4143271dea0064969a1433c729fa9d5f89a44b.jpg', 'checksum': '7cbe6aaff11e266b47262c2c3897d7d8'}]",http://pic.netbian.com/uploads/allimg/190713/092753-15629812733bcf.jpg
,"[{'url': 'http://pic.netbian.com/uploads/allimg/190706/171941-15624047812082.jpg', 'path': 'full/509740bc60544259d4752b993666ac6c6d5d1e58.jpg', 'checksum': '9abfdc0a87a0a0be064759618e36f208'}]",http://pic.netbian.com/uploads/allimg/190706/171941-15624047812082.jpg
,"[{'url': 'http://pic.netbian.com/uploads/allimg/170609/123945-14969831856c4d.jpg', 'path': 'full/8b8185dc86a79b6f4faba85a55a47094e3c3c2a1.jpg', 'checksum': 'f8e61b48feef64b35d01e003ba0bcf6d'}]",http://pic.netbian.com/uploads/allimg/170609/123945-14969831856c4d.jpg
,"[{'url': 'http://pic.netbian.com/uploads/allimg/190630/215651-1561903011838a.jpg', 'path': 'full/6a13380a9b219b714f2fc349867be5007668bab0.jpg', 'checksum': 'a467107ecd407b4ec1e2b3dbd2be1b60'}]",http://pic.netbian.com/uploads/allimg/190630/215651-1561903011838a.jpg
,"[{'url': 'http://pic.netbian.com/uploads/allimg/190713/093859-156298193918ec.jpg', 'path': 'full/39dcbc7234f924e677b1a7312d5e61bd67cf851e.jpg', 'checksum': '88f04dae877546dd1c3a029de8f5111b'}]",http://pic.netbian.com/uploads/allimg/190713/093859-156298193918ec.jpg
,"[{'url': 'http://pic.netbian.com/uploads/allimg/180815/094739-1534297659ad26.jpg', 'path': 'full/748a091e1e515e99fa4d5d0617a8662d256e3666.jpg', 'checksum': 'a66ab299791b58e584102269e609901c'}]",http://pic.netbian.com/uploads/allimg/180815/094739-1534297659ad26.jpg
,"[{'url': 'http://pic.netbian.com/uploads/allimg/190628/224744-15617332646696.jpg', 'path': 'full/712758b9a735870ddd7d0ac1264fd1a10543ab4f.jpg', 'checksum': '4ce49fc5f9ebcaf4693fd360e56daf0e'}]",http://pic.netbian.com/uploads/allimg/190628/224744-15617332646696.jpg
,"[{'url': 'http://pic.netbian.com/uploads/allimg/180331/182819-1522492099b7bd.jpg', 'path': 'full/980fce44ea993d744c0e137f4a662854df595385.jpg', 'checksum': '55af57ee4d1408dccc024da850c84da5'}]",http://pic.netbian.com/uploads/allimg/180331/182819-1522492099b7bd.jpg
,"[{'url': 'http://pic.netbian.com/uploads/allimg/190706/221551-1562422551800c.jpg', 'path': 'full/f450a6fbdf92d0e31e67d6c2b218d2f144839d3e.jpg', 'checksum': '28b2a148fa054ca130a26034a9234f21'}]",http://pic.netbian.com/uploads/allimg/190706/221551-1562422551800c.jpg
,"[{'url': 'http://pic.netbian.com/uploads/allimg/190706/214422-15624206627a7a.jpg', 'path': 'full/f80d6b64615b2890f867cd2e3bff0a6698026046.jpg', 'checksum': 'db9816cd2787c12b241cf1140c483bd6'}]",http://pic.netbian.com/uploads/allimg/190706/214422-15624206627a7a.jpg
,"[{'url': 'http://pic.netbian.com/uploads/allimg/180331/183006-15224922060b03.jpg', 'path': 'full/556c1a6f449e9b25cb737d015d41dbfcfd3d6fbf.jpg', 'checksum': '3804289c88f105fdfad6c3382c2f9be1'}]",http://pic.netbian.com/uploads/allimg/180331/183006-15224922060b03.jpg
,"[{'url': 'http://pic.netbian.com/uploads/allimg/190713/093445-156298168552ab.jpg', 'path': 'full/14a2f4dc7293825aa100b490c52578ac7edbffb7.jpg', 'checksum': 'd3a558fa167cd0f63cbb344c10dfba70'}]",http://pic.netbian.com/uploads/allimg/190713/093445-156298168552ab.jpg
,"[{'url': 'http://pic.netbian.com/uploads/allimg/190706/214231-1562420551763a.jpg', 'path': 'full/ad246411354563225b1691c9949d6b255ab445d1.jpg', 'checksum': '9b58cc66edd70d79c8ed1472b82aabbf'}]",http://pic.netbian.com/uploads/allimg/190706/214231-1562420551763a.jpg
,"[{'url': 'http://pic.netbian.com/uploads/allimg/190105/180717-1546682837d16a.jpg', 'path': 'full/5c096c05ef68502cac0fca97cd6df33fc38c8bef.jpg', 'checksum': 'd7536a0f2d7da08ecfdaefa14cf7df09'}]",http://pic.netbian.com/uploads/allimg/190105/180717-1546682837d16a.jpg
,"[{'url': 'http://pic.netbian.com/uploads/allimg/190706/214756-156242087612dc.jpg', 'path': 'full/c9af21d61aaae67fbc463f4b92d060317be202df.jpg', 'checksum': '2583dc39676f2d7e1ffb76596518f290'}]",http://pic.netbian.com/uploads/allimg/190706/214756-156242087612dc.jpg
,"[{'url': 'http://pic.netbian.com/uploads/allimg/180113/164236-1515832956e759.jpg', 'path': 'full/51577c48dd20aca84a6603fac178c748b62935ef.jpg', 'checksum': 'b240e8330177564985d222ec219be340'}]",http://pic.netbian.com/uploads/allimg/180113/164236-1515832956e759.jpg
,"[{'url': 'http://pic.netbian.com/uploads/allimg/180709/175550-15311301504109.jpg', 'path': 'full/9b514d72c421f90279a274bd32a7c1ac55ca819d.jpg', 'checksum': '6892913ed2cf00c8800336a399b93a61'}]",http://pic.netbian.com/uploads/allimg/180709/175550-15311301504109.jpg
,"[{'url': 'http://pic.netbian.com/uploads/allimg/181217/175717-154504063709f6.jpg', 'path': 'full/c180360a31d06f5b75befd91b3cd1ab682274884.jpg', 'checksum': '740e82e0760aca791ddf14aa0efe9eea'}]",http://pic.netbian.com/uploads/allimg/181217/175717-154504063709f6.jpg
,"[{'url': 'http://pic.netbian.com/uploads/allimg/190727/205126-15642318863550.jpg', 'path': 'full/b8c6332f84a109fd81f61a912223c8ca88047d01.jpg', 'checksum': 'c71ab84284c1b81fab38f47c8720cc9a'}]",http://pic.netbian.com/uploads/allimg/190727/205126-15642318863550.jpg
,"[{'url': 'http://pic.netbian.com/uploads/allimg/190505/194745-15570568654763.jpg', 'path': 'full/0841ad4909a2a25f690e7be1d7b8e2cb9814ab6c.jpg', 'checksum': '640e88691a9107d227d0ae15dd3b49bb'}]",http://pic.netbian.com/uploads/allimg/190505/194745-15570568654763.jpg
,"[{'url': 'http://pic.netbian.com/uploads/allimg/190521/000934-1558368574b665.jpg', 'path': 'full/26e731f0476b60bd38e8d32f5a754c9961282ca9.jpg', 'checksum': '26a64eb78de77122020e0d6f1fed7f0e'}]",http://pic.netbian.com/uploads/allimg/190521/000934-1558368574b665.jpg
,"[{'url': 'http://pic.netbian.com/uploads/allimg/190727/212505-15642339052403.jpg', 'path': 'full/a0baf57617682a7ffc932d5547112a6bd5357d2c.jpg', 'checksum': '10f026aeeeeca95e526b50f812aa064e'}]",http://pic.netbian.com/uploads/allimg/190727/212505-15642339052403.jpg
,"[{'url': 'http://pic.netbian.com/uploads/allimg/190614/221120-1560521480bbc1.jpg', 'path': 'full/edc5403b313e3f6307a5e3caa14605e4b5687b5c.jpg', 'checksum': 'ba03f4c9c0687ad6cf460a35195c7eee'}]",http://pic.netbian.com/uploads/allimg/190614/221120-1560521480bbc1.jpg
,"[{'url': 'http://pic.netbian.com/uploads/allimg/190727/205004-15642318048ae9.jpg', 'path': 'full/19abc5a0a748ebef9d4b80530d6e68665d8384e5.jpg', 'checksum': '73b2318fe40e0f23e497dc3e59886961'}]",http://pic.netbian.com/uploads/allimg/190727/205004-15642318048ae9.jpg
,"[{'url': 'http://pic.netbian.com/uploads/allimg/190426/222643-15562888034954.jpg', 'path': 'full/9cbc13ae5e1f734b1296f0dcce1e83c15d868cf9.jpg', 'checksum': '0122715904db41ee01edc5b030fe498b'}]",http://pic.netbian.com/uploads/allimg/190426/222643-15562888034954.jpg
,"[{'url': 'http://pic.netbian.com/uploads/allimg/190312/162344-1552379024d5a2.jpg', 'path': 'full/389b7951158f2dd7d2315fd322a698e2ed400981.jpg', 'checksum': 'acc18b7bae5e8a18b147b848f445e147'}]",http://pic.netbian.com/uploads/allimg/190312/162344-1552379024d5a2.jpg
,"[{'url': 'http://pic.netbian.com/uploads/allimg/180630/112401-1530329041f787.jpg', 'path': 'full/e9c88752118e0c86449bfe06ef8e9a8455c293e9.jpg', 'checksum': 'b0a76148d7b7144aac0d95474fef7fdd'}]",http://pic.netbian.com/uploads/allimg/180630/112401-1530329041f787.jpg
,"[{'url': 'http://pic.netbian.com/uploads/allimg/190518/200137-1558180897328f.jpg', 'path': 'full/494044a99c334885dd024ac8c6849f457937438e.jpg', 'checksum': '79ae8b597bf369aedcae1ea1a0992fce'}]",http://pic.netbian.com/uploads/allimg/190518/200137-1558180897328f.jpg
,"[{'url': 'http://pic.netbian.com/uploads/allimg/190717/231857-15633767378f0b.jpg', 'path': 'full/941300b2e1f322ae29dec42af7c176beabd6017e.jpg', 'checksum': 'fefd8034344d704ac563aada479eac44'}]",http://pic.netbian.com/uploads/allimg/190717/231857-15633767378f0b.jpg
,"[{'url': 'http://pic.netbian.com/uploads/allimg/190415/094927-155529296780aa.jpg', 'path': 'full/f6e0ec3b93d300b01378779d599ce5bab6e509b5.jpg', 'checksum': '119999b1c65b8d3e639171c044b79f08'}]",http://pic.netbian.com/uploads/allimg/190415/094927-155529296780aa.jpg
,"[{'url': 'http://pic.netbian.com/uploads/allimg/190722/103558-156376295893e1.jpg', 'path': 'full/8443348ba869589138d0024b3f8d9556d49aa0bd.jpg', 'checksum': 'd40c5bd9d0f124982b2b1598d1d50239'}]",http://pic.netbian.com/uploads/allimg/190722/103558-156376295893e1.jpg
,"[{'url': 'http://pic.netbian.com/uploads/allimg/190415/214923-1555336163d133.jpg', 'path': 'full/a582bea57dbbe66b43d4322f4a7d77c9d420efe8.jpg', 'checksum': 'f9bacf75d762a670630337a3dbf504fe'}]",http://pic.netbian.com/uploads/allimg/190415/214923-1555336163d133.jpg
,"[{'url': 'http://pic.netbian.com/uploads/allimg/190721/223156-1563719516d718.jpg', 'path': 'full/a63fb46911627cd62a65498ee032f8402a566df7.jpg', 'checksum': 'c48c5e7c6d00edac422c3853460f5e0e'}]",http://pic.netbian.com/uploads/allimg/190721/223156-1563719516d718.jpg
,"[{'url': 'http://pic.netbian.com/uploads/allimg/190721/220647-1563718007fefd.jpg', 'path': 'full/47dadbc09e51fc02d53e2b6d118f9f698993105d.jpg', 'checksum': '95622d66cfe99d0d592c96d48517cc9d'}]",http://pic.netbian.com/uploads/allimg/190721/220647-1563718007fefd.jpg
,"[{'url': 'http://pic.netbian.com/uploads/allimg/190219/230412-15505886522555.jpg', 'path': 'full/7882df11f9f288030c7b7748032385d35ec9494e.jpg', 'checksum': 'a66f6564974e465ce5bb9d9ec6cc8501'}]",http://pic.netbian.com/uploads/allimg/190219/230412-15505886522555.jpg
,"[{'url': 'http://pic.netbian.com/uploads/allimg/180312/191932-1520853572645a.jpg', 'path': 'full/39ef5edca28d76813d8108899f696b1e3a24061f.jpg', 'checksum': 'f102979cea126b8f2373f40c649dfcbe'}]",http://pic.netbian.com/uploads/allimg/180312/191932-1520853572645a.jpg
,"[{'url': 'http://pic.netbian.com/uploads/allimg/160627/153414-14670128546dbf.jpg', 'path': 'full/74e52f3d2867db10c0e6463b0a0b84e93bda4ea2.jpg', 'checksum': '568be0a9a80ba3e4ade241c9b9159f02'}]",http://pic.netbian.com/uploads/allimg/160627/153414-14670128546dbf.jpg
,"[{'url': 'http://pic.netbian.com/uploads/allimg/180128/113416-15171104568e22.jpg', 'path': 'full/d513b58565fdecdd741fbe9d46055c09bda8c751.jpg', 'checksum': '6b1cdba869b1604fdb8f55deeb6d256a'}]",http://pic.netbian.com/uploads/allimg/180128/113416-15171104568e22.jpg
,"[{'url': 'http://pic.netbian.com/uploads/allimg/190619/223632-1560954992c816.jpg', 'path': 'full/ff3c3aa57e687a3fb185efb6fc8b5b7fb12d13f0.jpg', 'checksum': '39276e459d9e720651e802d04f067351'}]",http://pic.netbian.com/uploads/allimg/190619/223632-1560954992c816.jpg
,"[{'url': 'http://pic.netbian.com/uploads/allimg/190727/095815-15641926953e7a.jpg', 'path': 'full/1cdd88eb6c5c592046641a3cef31f5ab033e5a7b.jpg', 'checksum': '91c953e23d4cb70ecc1e1e483a7048dd'}]",http://pic.netbian.com/uploads/allimg/190727/095815-15641926953e7a.jpg
,"[{'url': 'http://pic.netbian.com/uploads/allimg/190727/100747-15641932678f8d.jpg', 'path': 'full/7acfa67e272a750c333b983ff56b4583c11e396f.jpg', 'checksum': '9c9bd1c63daa9a3113f2b40366d7ff37'}]",http://pic.netbian.com/uploads/allimg/190727/100747-15641932678f8d.jpg
,"[{'url': 'http://pic.netbian.com/uploads/allimg/190727/095238-15641923585a49.jpg', 'path': 'full/a81cea67d0e25f06a8505deb179e01d88a87810d.jpg', 'checksum': '002fedd6e2e3104285bfae19984e0654'}]",http://pic.netbian.com/uploads/allimg/190727/095238-15641923585a49.jpg
,"[{'url': 'http://pic.netbian.com/uploads/allimg/190529/164141-1559119301ed91.jpg', 'path': 'full/a770aba07b3631ea44bf3c468f3079a9e163b41a.jpg', 'checksum': '6aae6862d5f10c3130f547a65b022822'}]",http://pic.netbian.com/uploads/allimg/190529/164141-1559119301ed91.jpg
,"[{'url': 'http://pic.netbian.com/uploads/allimg/190727/095421-15641924612951.jpg', 'path': 'full/fabd00529306746a68ba1c92fb30f031ea8b81de.jpg', 'checksum': '962718810e5e649ca4a8ca4cdc28dcf5'}]",http://pic.netbian.com/uploads/allimg/190727/095421-15641924612951.jpg
,"[{'url': 'http://pic.netbian.com/uploads/allimg/180926/160441-1537949081adfd.jpg', 'path': 'full/ec0ca7cff4ffa10bbab11c7b53262e56f7292b26.jpg', 'checksum': '373bf3a40b05bfa9178b0138b46f04f4'}]",http://pic.netbian.com/uploads/allimg/180926/160441-1537949081adfd.jpg
,"[{'url': 'http://pic.netbian.com/uploads/allimg/190608/124015-155996881530e3.jpg', 'path': 'full/e66b7f447bb75a895b7b2aa28a72f468c1106bed.jpg', 'checksum': '2158e53337cf5e95d243f8669d1158c2'}]",http://pic.netbian.com/uploads/allimg/190608/124015-155996881530e3.jpg
,"[{'url': 'http://pic.netbian.com/uploads/allimg/190726/235530-1564156530cb24.jpg', 'path': 'full/10ccf8885b437ebc8b241bb461687645d9618b15.jpg', 'checksum': '82c9c080ca2f16294e293e43f994a8a1'}]",http://pic.netbian.com/uploads/allimg/190726/235530-1564156530cb24.jpg
,"[{'url': 'http://pic.netbian.com/uploads/allimg/190713/102731-15629848511208.jpg', 'path': 'full/ad225b077faba8407333957a4800c2c6d2946bc2.jpg', 'checksum': '366e909ca121a79e7b7c33989788591f'}]",http://pic.netbian.com/uploads/allimg/190713/102731-15629848511208.jpg
,"[{'url': 'http://pic.netbian.com/uploads/allimg/190727/101100-15641934606367.jpg', 'path': 'full/142013cdb9473690c1bd1e2d350c75bad931857a.jpg', 'checksum': '12612d807279040573c22e3074fea5e5'}]",http://pic.netbian.com/uploads/allimg/190727/101100-15641934606367.jpg
,"[{'url': 'http://pic.netbian.com/uploads/allimg/190727/100443-15641930832a15.jpg', 'path': 'full/09a80e74aba0d97eb41b9959d0df5861117a2f18.jpg', 'checksum': 'f9cde40b92ad8d910ae8d9548aaaf97e'}]",http://pic.netbian.com/uploads/allimg/190727/100443-15641930832a15.jpg
,"[{'url': 'http://pic.netbian.com/uploads/allimg/190713/102437-156298467717f4.jpg', 'path': 'full/fdef7e4816970c4e725d50d38e2907416f762e2e.jpg', 'checksum': 'fc953e99059b414a32f794e1012af62f'}]",http://pic.netbian.com/uploads/allimg/190713/102437-156298467717f4.jpg
,"[{'url': 'http://pic.netbian.com/uploads/allimg/190726/235103-156415626384ce.jpg', 'path': 'full/34afe80f0b4fa2ce2b3aa3acb3223de4a09f6e19.jpg', 'checksum': '5f3e190d71ff06911eeeca319324be66'}]",http://pic.netbian.com/uploads/allimg/190726/235103-156415626384ce.jpg
,"[{'url': 'http://pic.netbian.com/uploads/allimg/190727/000106-15641568669c8f.jpg', 'path': 'full/96d1bb4e5880fdb6a731ba078011f25e2f62cd44.jpg', 'checksum': '251e74fe6cc235e865465b2ab9963cee'}]",http://pic.netbian.com/uploads/allimg/190727/000106-15641568669c8f.jpg
,"[{'url': 'http://pic.netbian.com/uploads/allimg/190713/103426-1562985266eedd.jpg', 'path': 'full/4e5df307c20e71c10f932d0094c1cd5b7404c21e.jpg', 'checksum': 'e0c815fd9b90b87288f8c2bfadff3003'}]",http://pic.netbian.com/uploads/allimg/190713/103426-1562985266eedd.jpg
,"[{'url': 'http://pic.netbian.com/uploads/allimg/190713/101433-156298407395a5.jpg', 'path': 'full/acf9a16aeebdba848e433fa1e435aee2f57c1a6f.jpg', 'checksum': 'bc2b42732e6f1db38d92b54f4bad8403'}]",http://pic.netbian.com/uploads/allimg/190713/101433-156298407395a5.jpg
,"[{'url': 'http://pic.netbian.com/uploads/allimg/190706/174809-1562406489cf5a.jpg', 'path': 'full/0c4207f94521fbb403a907ca5e3915f8029dc18c.jpg', 'checksum': '5681c0165e17805bf2f87b8c0535a299'}]",http://pic.netbian.com/uploads/allimg/190706/174809-1562406489cf5a.jpg
,"[{'url': 'http://pic.netbian.com/uploads/allimg/190713/102125-15629844850104.jpg', 'path': 'full/c6848e6318aad8712d9b645840b7236ec403be40.jpg', 'checksum': '1e17e30017d6530537599e72b5909470'}]",http://pic.netbian.com/uploads/allimg/190713/102125-15629844850104.jpg
,"[{'url': 'http://pic.netbian.com/uploads/allimg/190713/100306-1562983386bef6.jpg', 'path': 'full/977ddf067a00afc62627b211f53cc7f4459480eb.jpg', 'checksum': '28595e9c51c01bb1b3fe62d314a1e0f8'}]",http://pic.netbian.com/uploads/allimg/190713/100306-1562983386bef6.jpg
,"[{'url': 'http://pic.netbian.com/uploads/allimg/190713/101733-15629842537353.jpg', 'path': 'full/475a21c6c5c2809c4111110e91421bfd36fc3b56.jpg', 'checksum': 'bfd08d79dea44198ae5822a080e129a0'}]",http://pic.netbian.com/uploads/allimg/190713/101733-15629842537353.jpg
,"[{'url': 'http://pic.netbian.com/uploads/allimg/190706/174431-1562406271856d.jpg', 'path': 'full/e113405a1270f37828c59b1b60ff8d392e890c94.jpg', 'checksum': 'abdecd82ca6ff2224960b86e465cddfc'}]",http://pic.netbian.com/uploads/allimg/190706/174431-1562406271856d.jpg
,"[{'url': 'http://pic.netbian.com/uploads/allimg/190713/101024-1562983824e324.jpg', 'path': 'full/be10f2fcc0961bc88f4694fea4b4374ef5477c22.jpg', 'checksum': '2c51a6614ae61788a68230beb04d53af'}]",http://pic.netbian.com/uploads/allimg/190713/101024-1562983824e324.jpg
,"[{'url': 'http://pic.netbian.com/uploads/allimg/190727/203228-1564230748420c.jpg', 'path': 'full/d00e4bc6242c4e007700261bc5e1b4f2c8ce056f.jpg', 'checksum': '3291ec3236d32fe4d0fdb0dcda557b83'}]",http://pic.netbian.com/uploads/allimg/190727/203228-1564230748420c.jpg
,"[{'url': 'http://pic.netbian.com/uploads/allimg/190706/175121-1562406681af3c.jpg', 'path': 'full/4265f7ea95581cfd360804826e0d6d76c5bcb6d1.jpg', 'checksum': '0e82e8e732057a679fdb7f40c8c7a3a0'}]",http://pic.netbian.com/uploads/allimg/190706/175121-1562406681af3c.jpg
,"[{'url': 'http://pic.netbian.com/uploads/allimg/190727/194643-156422800346cc.jpg', 'path': 'full/cd9f2df951e3c6d0ec472062cc6d661f2dd9ba45.jpg', 'checksum': '845d43afc77974442a631d87db4ba957'}]",http://pic.netbian.com/uploads/allimg/190727/194643-156422800346cc.jpg
,"[{'url': 'http://pic.netbian.com/uploads/allimg/190706/172644-15624052040378.jpg', 'path': 'full/c7f3778e2eedf2973b28aeca3273453c407901a0.jpg', 'checksum': 'c71281c7bde589e78de4447185ac1182'}]",http://pic.netbian.com/uploads/allimg/190706/172644-15624052040378.jpg
,"[{'url': 'http://pic.netbian.com/uploads/allimg/190713/103127-1562985087d4e7.jpg', 'path': 'full/99069e5f585844a2535b5f340f92742e17dfbeca.jpg', 'checksum': '986d36a072ddea9331bf50671553ad9f'}]",http://pic.netbian.com/uploads/allimg/190713/103127-1562985087d4e7.jpg
,"[{'url': 'http://pic.netbian.com/uploads/allimg/190713/102942-1562984982544e.jpg', 'path': 'full/aeb5938d8c6943991973dd97dc7123c2a2203f47.jpg', 'checksum': '2b57a5c001e24daf29774666dd35ad74'}]",http://pic.netbian.com/uploads/allimg/190713/102942-1562984982544e.jpg
,"[{'url': 'http://pic.netbian.com/uploads/allimg/190727/194136-156422769622fe.jpg', 'path': 'full/68c799d9d49790f2d9485a3993e8a9848e72f90d.jpg', 'checksum': '2b0e03cf8983c521133b32d41456440c'}]",http://pic.netbian.com/uploads/allimg/190727/194136-156422769622fe.jpg
,"[{'url': 'http://pic.netbian.com/uploads/allimg/190706/173807-1562405887f3bd.jpg', 'path': 'full/814185d9a9a278dc0b20722e9d091c13e889c429.jpg', 'checksum': '7a3adc8a4b3ee6e148a18aa5e77b4fa2'}]",http://pic.netbian.com/uploads/allimg/190706/173807-1562405887f3bd.jpg
,"[{'url': 'http://pic.netbian.com/uploads/allimg/190722/120342-15637682225e25.jpg', 'path': 'full/57432a896ddae61136b7193b2880b5c18029d513.jpg', 'checksum': '97c3b7415acf140e60bd8d02d3284012'}]",http://pic.netbian.com/uploads/allimg/190722/120342-15637682225e25.jpg
,"[{'url': 'http://pic.netbian.com/uploads/allimg/190727/203144-1564230704a278.jpg', 'path': 'full/f2ddc49f994731828b17713f0d0fb00aeedfb779.jpg', 'checksum': '63f7463fcc8cd68a66160aa254cab510'}]",http://pic.netbian.com/uploads/allimg/190727/203144-1564230704a278.jpg
,"[{'url': 'http://pic.netbian.com/uploads/allimg/190722/110242-1563764562de8d.jpg', 'path': 'full/64e91bce444ac94328ee7cb6daf9f2b95c5a3145.jpg', 'checksum': '12d6833da4b9a44b2c9993e29b8f3bde'}]",http://pic.netbian.com/uploads/allimg/190722/110242-1563764562de8d.jpg
,"[{'url': 'http://pic.netbian.com/uploads/allimg/190727/194230-15642277506ae8.jpg', 'path': 'full/fd90265ab00daf4b9b699a128a3781a2f1535827.jpg', 'checksum': 'b7b14e2ca3966dab727583b35f6a408a'}]",http://pic.netbian.com/uploads/allimg/190727/194230-15642277506ae8.jpg
,"[{'url': 'http://pic.netbian.com/uploads/allimg/190722/110727-156376484721de.jpg', 'path': 'full/5b7e856df4293c0b1bcc52336434b034be7feadc.jpg', 'checksum': 'c5107c8b28dfb4e1da13255808460144'}]",http://pic.netbian.com/uploads/allimg/190722/110727-156376484721de.jpg
,"[{'url': 'http://pic.netbian.com/uploads/allimg/190722/104420-1563763460e737.jpg', 'path': 'full/31d4c163dafc4a81497e637b809a43ac718cad53.jpg', 'checksum': '14c8d30af62d2d3811051a3bae11278f'}]",http://pic.netbian.com/uploads/allimg/190722/104420-1563763460e737.jpg
,"[{'url': 'http://pic.netbian.com/uploads/allimg/190727/191307-156422598706bc.jpg', 'path': 'full/37d739d36d27109cd32d923223f61d39d35d2d4b.jpg', 'checksum': 'a044541814f2f6d25079c38aa8355cd9'}]",http://pic.netbian.com/uploads/allimg/190727/191307-156422598706bc.jpg
,"[{'url': 'http://pic.netbian.com/uploads/allimg/170817/004839-1502902119bd43.jpg', 'path': 'full/6957f99af5069d1caef70310e88d675a23fbacfa.jpg', 'checksum': 'fca5e7b82c5d299d2a37053771bc618b'}]",http://pic.netbian.com/uploads/allimg/170817/004839-1502902119bd43.jpg
,"[{'url': 'http://pic.netbian.com/uploads/allimg/190722/105023-1563763823261a.jpg', 'path': 'full/868bfa4dd19e49b36e549d711861ba2c5cf98bdc.jpg', 'checksum': '73320672d73cfb4706076d0e9147bc9f'}]",http://pic.netbian.com/uploads/allimg/190722/105023-1563763823261a.jpg
,"[{'url': 'http://pic.netbian.com/uploads/allimg/190727/191816-15642262963bc0.jpg', 'path': 'full/4b2cd380bee57f292f7fe5e65e47ba05a1de617c.jpg', 'checksum': 'e53d6d1e6e9d59b68c04318e03efb20d'}]",http://pic.netbian.com/uploads/allimg/190727/191816-15642262963bc0.jpg
,"[{'url': 'http://pic.netbian.com/uploads/allimg/190727/192720-1564226840ae60.jpg', 'path': 'full/6852d12557b74ab46c000aa3b7d2ed3b363909c8.jpg', 'checksum': '18f1832142d0e6fb28ec1f5aba6e6955'}]",http://pic.netbian.com/uploads/allimg/190727/192720-1564226840ae60.jpg
,"[{'url': 'http://pic.netbian.com/uploads/allimg/190727/203712-15642310326070.jpg', 'path': 'full/8915c87e0859cc71148084c420f430512359d281.jpg', 'checksum': 'd46609819c74f39a9a6cf03894468ba6'}]",http://pic.netbian.com/uploads/allimg/190727/203712-15642310326070.jpg
,"[{'url': 'http://pic.netbian.com/uploads/allimg/190619/162325-156093260560eb.jpg', 'path': 'full/c84a7ac54d25d18c1b022f093249e43aa701d458.jpg', 'checksum': 'b439bd26565fc4af59849b6182fd4627'}]",http://pic.netbian.com/uploads/allimg/190619/162325-156093260560eb.jpg
,"[{'url': 'http://pic.netbian.com/uploads/allimg/190722/121131-1563768691acad.jpg', 'path': 'full/4a050887f25896f2e1278db07148539c24a23be0.jpg', 'checksum': '2bafa63f8160ae3610e58498dab8be0f'}]",http://pic.netbian.com/uploads/allimg/190722/121131-1563768691acad.jpg
,"[{'url': 'http://pic.netbian.com/uploads/allimg/190211/235228-154990034846a9.jpg', 'path': 'full/fea5821fe611b481eef49e06f64d4dd175411a1c.jpg', 'checksum': 'c420f048046fbbb363f693813646be08'}]",http://pic.netbian.com/uploads/allimg/190211/235228-154990034846a9.jpg
,"[{'url': 'http://pic.netbian.com/uploads/allimg/190722/121014-1563768614d682.jpg', 'path': 'full/60c07ff21177643004112f3d78a67c2606518686.jpg', 'checksum': 'af084455b2db24a982d570c79f15fec7'}]",http://pic.netbian.com/uploads/allimg/190722/121014-1563768614d682.jpg
,"[{'url': 'http://pic.netbian.com/uploads/allimg/190409/232118-155482327880de.jpg', 'path': 'full/182e7b1a1ca8caf0c32686f74b48e731fbd7fe48.jpg', 'checksum': 'e02b0a2265860749af7dd353c9385990'}]",http://pic.netbian.com/uploads/allimg/190409/232118-155482327880de.jpg
,"[{'url': 'http://pic.netbian.com/uploads/allimg/190726/222845-15641513255d28.jpg', 'path': 'full/37b58a52b754dc021a200af8a4ca1b160dc63cb2.jpg', 'checksum': '09f1b56a1a735c428983065891d84b7f'}]",http://pic.netbian.com/uploads/allimg/190726/222845-15641513255d28.jpg
,"[{'url': 'http://pic.netbian.com/uploads/allimg/190726/214524-156414872490d8.jpg', 'path': 'full/a8c20a64f16b823876bc1004c8d3d67f2ac8db08.jpg', 'checksum': '995bd26393711bca39b6debf9ea2a3a6'}]",http://pic.netbian.com/uploads/allimg/190726/214524-156414872490d8.jpg
,"[{'url': 'http://pic.netbian.com/uploads/allimg/190630/190444-156189268476e1.jpg', 'path': 'full/a734fd7e62ff1975adafee15a608045adcfccd81.jpg', 'checksum': 'fc1a0a179073aba805ba8452e37cd1c3'}]",http://pic.netbian.com/uploads/allimg/190630/190444-156189268476e1.jpg
,"[{'url': 'http://pic.netbian.com/uploads/allimg/171024/224722-15088564422d17.jpg', 'path': 'full/4273d3a6995e775e3178dd9e9aef4af23fec865d.jpg', 'checksum': '069ab8a0e52dbb090911485629d9f4cf'}]",http://pic.netbian.com/uploads/allimg/171024/224722-15088564422d17.jpg
,"[{'url': 'http://pic.netbian.com/uploads/allimg/180815/093016-15342966161b05.jpg', 'path': 'full/d405cd97b76edd73f619c1b64f635ccbc12c59ce.jpg', 'checksum': 'bc5b9882a999285259a68596efdc7274'}]",http://pic.netbian.com/uploads/allimg/180815/093016-15342966161b05.jpg
,"[{'url': 'http://pic.netbian.com/uploads/allimg/190726/214022-1564148422f30c.jpg', 'path': 'full/8e56d306008922286e7d5bee3dda559671f36270.jpg', 'checksum': 'ff1eac69e0bc90b69237059c8c5c2a24'}]",http://pic.netbian.com/uploads/allimg/190726/214022-1564148422f30c.jpg
,"[{'url': 'http://pic.netbian.com/uploads/allimg/190722/122117-1563769277a543.jpg', 'path': 'full/f8bf0edbbb08c1f51edb8c4a19b85ddd84e40e26.jpg', 'checksum': 'e9d0643e769c0d4896f89a2f8b3d5640'}]",http://pic.netbian.com/uploads/allimg/190722/122117-1563769277a543.jpg
,"[{'url': 'http://pic.netbian.com/uploads/allimg/190726/214942-15641489829bd7.jpg', 'path': 'full/3273ee3e5ff105938c9e550a9dc457d9155c1d8a.jpg', 'checksum': '7a260ddf283da1ce75a08d62a71428f2'}]",http://pic.netbian.com/uploads/allimg/190726/214942-15641489829bd7.jpg
,"[{'url': 'http://pic.netbian.com/uploads/allimg/190722/120915-15637685556227.jpg', 'path': 'full/fe303f2983c6d1a351acafe127dd34c336ee35db.jpg', 'checksum': 'a6314da720ddd12b51217b6e735c71cc'}]",http://pic.netbian.com/uploads/allimg/190722/120915-15637685556227.jpg
,"[{'url': 'http://pic.netbian.com/uploads/allimg/190722/103810-1563763090ad64.jpg', 'path': 'full/5dd0d8a647117c8f2be5b569d7cf0b173bdba1c1.jpg', 'checksum': '93d4c3b286568a83ea24241be0900488'}]",http://pic.netbian.com/uploads/allimg/190722/103810-1563763090ad64.jpg
,"[{'url': 'http://pic.netbian.com/uploads/allimg/190317/205300-155282718006ce.jpg', 'path': 'full/15ced0b4e04bfdacabdb26dc33e7d51642575016.jpg', 'checksum': 'f0e2ac1a740f85982944874b325abe1e'}]",http://pic.netbian.com/uploads/allimg/190317/205300-155282718006ce.jpg
,"[{'url': 'http://pic.netbian.com/uploads/allimg/190713/095931-156298317150d9.jpg', 'path': 'full/ccff7fabcbb5166593dfecfd53ec2479517e4320.jpg', 'checksum': '4faf7ac448c0dd7009cf61d33747babc'}]",http://pic.netbian.com/uploads/allimg/190713/095931-156298317150d9.jpg
,"[{'url': 'http://pic.netbian.com/uploads/allimg/190722/120435-1563768275f33f.jpg', 'path': 'full/44555da17f6e610716f03b956c0f1fb138231f17.jpg', 'checksum': 'fa32dbaf4c4f8040ba59fcd1825f20d4'}]",http://pic.netbian.com/uploads/allimg/190722/120435-1563768275f33f.jpg
,"[{'url': 'http://pic.netbian.com/uploads/allimg/180315/110404-152108304476cb.jpg', 'path': 'full/ccb03ffc4d66364ae18dbe5771901a29caba14e9.jpg', 'checksum': '2277d85b65213ed25e0b066cb9563578'}]",http://pic.netbian.com/uploads/allimg/180315/110404-152108304476cb.jpg
,"[{'url': 'http://pic.netbian.com/uploads/allimg/190727/153433-1564212873b29d.jpg', 'path': 'full/bef7a4487193ccc9466a37e95337b9acb1a0cc98.jpg', 'checksum': 'cfe2091f5e1a9fd30dbe6cae53770239'}]",http://pic.netbian.com/uploads/allimg/190727/153433-1564212873b29d.jpg
,"[{'url': 'http://pic.netbian.com/uploads/allimg/190722/123812-15637702922c75.jpg', 'path': 'full/b8be46fe6dbbefd750760ecee2197121efdae29e.jpg', 'checksum': '842b348b1d5edfe4e3af43d2e3a9634e'}]",http://pic.netbian.com/uploads/allimg/190722/123812-15637702922c75.jpg
,"[{'url': 'http://pic.netbian.com/uploads/allimg/190713/100103-15629832639bea.jpg', 'path': 'full/9168bc6d1d950bfea807b50ebd57105d627f6e72.jpg', 'checksum': '456823e65eb4c534da0a1de2b7fb1c90'}]",http://pic.netbian.com/uploads/allimg/190713/100103-15629832639bea.jpg
,"[{'url': 'http://pic.netbian.com/uploads/allimg/190727/102411-1564194251c23a.jpg', 'path': 'full/cfb84edc4d07286291690b2ac2d7115e7b56a406.jpg', 'checksum': 'e1fa8beb9c364c558e76af019eeccd0a'}]",http://pic.netbian.com/uploads/allimg/190727/102411-1564194251c23a.jpg
,"[{'url': 'http://pic.netbian.com/uploads/allimg/190727/153848-1564213128903d.jpg', 'path': 'full/ee59223967b8ad736bb0af7da4555c2f560a9b6e.jpg', 'checksum': 'e1b34a96cab711776d3e919cbd92a2da'}]",http://pic.netbian.com/uploads/allimg/190727/153848-1564213128903d.jpg
,"[{'url': 'http://pic.netbian.com/uploads/allimg/190722/121519-15637689197849.jpg', 'path': 'full/7fe0fd7180834a2a5aa6832a3db079eaceda9b91.jpg', 'checksum': 'f72d85121522111b204b888f7f0770e1'}]",http://pic.netbian.com/uploads/allimg/190722/121519-15637689197849.jpg
,"[{'url': 'http://pic.netbian.com/uploads/allimg/190721/223630-1563719790b745.jpg', 'path': 'full/62392eabfd3c9d412fa43a8bedf09c51556da89f.jpg', 'checksum': '11afabf9baff6dd43ee376f72c2c4b5c'}]",http://pic.netbian.com/uploads/allimg/190721/223630-1563719790b745.jpg
,"[{'url': 'http://pic.netbian.com/uploads/allimg/190722/123451-15637700910072.jpg', 'path': 'full/619b04f5a88c187a60db282bfadbad15643c84b0.jpg', 'checksum': 'bbfcbb9e2ae4c2dcf0828af95abd4783'}]",http://pic.netbian.com/uploads/allimg/190722/123451-15637700910072.jpg
,"[{'url': 'http://pic.netbian.com/uploads/allimg/190727/153038-15642126384120.jpg', 'path': 'full/8c8c0a59ce63a756a2def8ea8a371a401b94bbf4.jpg', 'checksum': '9eeaa99f2ebcd992f0dde63558175875'}]",http://pic.netbian.com/uploads/allimg/190727/153038-15642126384120.jpg
,"[{'url': 'http://pic.netbian.com/uploads/allimg/190722/103951-15637631917fa3.jpg', 'path': 'full/e4aa7fa7adb74bd88f8e4a1fab9bbd1e0d75b406.jpg', 'checksum': '73bb9a72eab3569b36673398b30ebb34'}]",http://pic.netbian.com/uploads/allimg/190722/103951-15637631917fa3.jpg
,"[{'url': 'http://pic.netbian.com/uploads/allimg/190721/220015-15637176157108.jpg', 'path': 'full/24cf3c4ea31bf0b7d1556bff037dd59a1511998f.jpg', 'checksum': '70a17d12f6fb23d06c6719988661d621'}]",http://pic.netbian.com/uploads/allimg/190721/220015-15637176157108.jpg
,"[{'url': 'http://pic.netbian.com/uploads/allimg/190727/103127-1564194687d747.jpg', 'path': 'full/fa0852c9bec3082166507a4f89a12c1d62372519.jpg', 'checksum': 'bddce754e013b06dd13b36b8739f9f06'}]",http://pic.netbian.com/uploads/allimg/190727/103127-1564194687d747.jpg
,"[{'url': 'http://pic.netbian.com/uploads/allimg/190721/224727-1563720447a1ed.jpg', 'path': 'full/d8c94eab513419047d36c7cbdf2b9fe7d104afa0.jpg', 'checksum': 'fd22bd1faaeaccc3a50c0178248a67a3'}]",http://pic.netbian.com/uploads/allimg/190721/224727-1563720447a1ed.jpg
,"[{'url': 'http://pic.netbian.com/uploads/allimg/190722/120812-156376849243c0.jpg', 'path': 'full/b31761dcd6769e1ffcb522e829867aae9f0e8d09.jpg', 'checksum': '77a970663830d3ab1ba4fd1d76877be6'}]",http://pic.netbian.com/uploads/allimg/190722/120812-156376849243c0.jpg
,"[{'url': 'http://pic.netbian.com/uploads/allimg/190721/222953-15637193935c3f.jpg', 'path': 'full/fac72b778dd4253eebbdd26e6e82cf4318350e05.jpg', 'checksum': 'ec63b1438be76f9519e8a9eae978a148'}]",http://pic.netbian.com/uploads/allimg/190721/222953-15637193935c3f.jpg
,"[{'url': 'http://pic.netbian.com/uploads/allimg/190722/120544-1563768344d815.jpg', 'path': 'full/048d7369edcc8bfa503cebd7e992e24041e74360.jpg', 'checksum': 'f58859b70b4853a1b35d3a6c7d59d944'}]",http://pic.netbian.com/uploads/allimg/190722/120544-1563768344d815.jpg
,"[{'url': 'http://pic.netbian.com/uploads/allimg/190717/231654-156337661466af.jpg', 'path': 'full/59453347d99600421b921c3ea73257a1e053314d.jpg', 'checksum': '568842f6b2d16f6b55b0584c5e25314c'}]",http://pic.netbian.com/uploads/allimg/190717/231654-156337661466af.jpg
,"[{'url': 'http://pic.netbian.com/uploads/allimg/190722/104639-15637635990643.jpg', 'path': 'full/45d0577b1a4caa82be11711f551bb04e7126b39b.jpg', 'checksum': '72117d200e32206416e6efb8258473c9'}]",http://pic.netbian.com/uploads/allimg/190722/104639-15637635990643.jpg
,"[{'url': 'http://pic.netbian.com/uploads/allimg/190717/231342-15633764225ad4.jpg', 'path': 'full/4d88355bbe00fa376d42fda334ce321f07a23b4d.jpg', 'checksum': '8969ffd964ca65b1d23d1fa75160212a'}]",http://pic.netbian.com/uploads/allimg/190717/231342-15633764225ad4.jpg
,"[{'url': 'http://pic.netbian.com/uploads/allimg/190717/231054-1563376254f101.jpg', 'path': 'full/db33c0522bfa45a62a1a09dbc0de1e65d8b0ae5a.jpg', 'checksum': 'd1901246050c4647fecb68a45d843f7e'}]",http://pic.netbian.com/uploads/allimg/190717/231054-1563376254f101.jpg
,"[{'url': 'http://pic.netbian.com/uploads/allimg/190721/220511-1563717911cd47.jpg', 'path': 'full/f4ea9fd09e624f7eefa91d2bee27c2f705dfac1e.jpg', 'checksum': '5d7423cb0c4ecbadbc9985f53329a1d3'}]",http://pic.netbian.com/uploads/allimg/190721/220511-1563717911cd47.jpg
,"[{'url': 'http://pic.netbian.com/uploads/allimg/190717/230718-1563376038138b.jpg', 'path': 'full/c8cf94c4a80b25dda8460f1c247134f68c59aac1.jpg', 'checksum': 'f3536b2bea70408ffd9c402d89346546'}]",http://pic.netbian.com/uploads/allimg/190717/230718-1563376038138b.jpg
,"[{'url': 'http://pic.netbian.com/uploads/allimg/190722/120720-1563768440e037.jpg', 'path': 'full/156b329946b87d81cf4b19d2a1f392ead47d490e.jpg', 'checksum': '19f8454ae0633fcf57e116bdfafad5ff'}]",http://pic.netbian.com/uploads/allimg/190722/120720-1563768440e037.jpg
,"[{'url': 'http://pic.netbian.com/uploads/allimg/190722/105859-156376433976cb.jpg', 'path': 'full/28567be38be3e502c8954824909d6c2b06311f97.jpg', 'checksum': 'd01ec6c702ab482d8e5655c59f002863'}]",http://pic.netbian.com/uploads/allimg/190722/105859-156376433976cb.jpg
,"[{'url': 'http://pic.netbian.com/uploads/allimg/190713/104340-1562985820e041.jpg', 'path': 'full/65bc9b39710ca9ff475f3645cffcde342237415b.jpg', 'checksum': 'c4bb3b5961cc7ecacb1c86d0710a93dd'}]",http://pic.netbian.com/uploads/allimg/190713/104340-1562985820e041.jpg
,"[{'url': 'http://pic.netbian.com/uploads/allimg/190713/100525-1562983525f1fd.jpg', 'path': 'full/7f2fbfbc07f709c85d5aa39bd7702354775c48da.jpg', 'checksum': '362ecdf078183826ef994c97fd39a0f7'}]",http://pic.netbian.com/uploads/allimg/190713/100525-1562983525f1fd.jpg
,"[{'url': 'http://pic.netbian.com/uploads/allimg/190717/230846-156337612662d2.jpg', 'path': 'full/d9fdb7a810484c09b4c2a3c88e8d196c9596b142.jpg', 'checksum': '27cfb4709bedf9154772bb1c313ad2a9'}]",http://pic.netbian.com/uploads/allimg/190717/230846-156337612662d2.jpg
,"[{'url': 'http://pic.netbian.com/uploads/allimg/190717/230450-15633758905669.jpg', 'path': 'full/d1ec3c68c62f43a19ff079df97994a62fcf79b42.jpg', 'checksum': 'd536150836680c191812224856af1f58'}]",http://pic.netbian.com/uploads/allimg/190717/230450-15633758905669.jpg
,"[{'url': 'http://pic.netbian.com/uploads/allimg/190722/120650-1563768410aa57.jpg', 'path': 'full/55b15ad5e20717e288ab90b87d3deef2c5c37bb6.jpg', 'checksum': 'c22ef6ba58b76edd637550a388ecb81b'}]",http://pic.netbian.com/uploads/allimg/190722/120650-1563768410aa57.jpg
,"[{'url': 'http://pic.netbian.com/uploads/allimg/190713/100152-15629833120209.jpg', 'path': 'full/4275d9fd752973852b9e1bfbdec502307b0c5e5a.jpg', 'checksum': '865d190e6efbd8dc01ca8fd001f2693a'}]",http://pic.netbian.com/uploads/allimg/190713/100152-15629833120209.jpg
,"[{'url': 'http://pic.netbian.com/uploads/allimg/190706/165730-1562403450d9cb.jpg', 'path': 'full/a289164b268ccc2362662623b2d89014db8a76dd.jpg', 'checksum': '55b8bb7244d5790a74776d72b4e10519'}]",http://pic.netbian.com/uploads/allimg/190706/165730-1562403450d9cb.jpg
